date,size_oriented_score,sdf_weight,norm_score
19800131,-0.0021419794140711533,-0.0027100259220453763,0.01694186899874716
19800229,-0.005251006765262658,-0.003314692953909558,0.00038823237329777227
19800331,-0.011208002954316811,-0.010175690868950942,-0.03120332232024732
19800430,0.015480182211723216,0.014960379559666124,0.011593450571033108
19800530,-0.005252933429597776,-0.005511886907817496,-0.012122399515519267
19800630,-0.004005222856641957,-0.0038377057000730168,-0.00222011782462437
19800731,0.02202039720249999,0.02331542725991305,0.022974303089140707
19800829,0.009479623057433065,0.01070780305300659,0.020388378875649038
19800930,-0.013857991805593285,-0.013651953994486064,-0.010546867507352191
19801031,-0.0037031558788568927,-0.0033531374390340257,0.0019800275983288757
19801128,0.007072536786995954,0.006193159017477278,0.0021632054955286494
19801231,0.002364478358709539,0.0028507214815149495,0.004728053746958132
19810130,-0.020548695049331524,-0.019013724049254048,-0.009821787500990841
19810227,-0.006166308197321662,-0.006917565354255283,-0.0008988231764971107
19810331,0.007794227900742159,0.007459574149196369,0.006977529380458815
19810430,-0.011623839903997114,-0.011984891015266744,-8.240461491138453e-05
19810529,0.00033157176234676136,-0.0004322584067187707,0.006437864727430513
19810630,-0.020131177317025007,-0.01922448971226571,-0.018224608660426383
19810731,0.007412675229574298,0.007918002279134568,-0.001965276712768186
19810831,-0.013783605803667269,-0.01478426726320897,-0.019147780699549075
19810930,-0.005388470542537116,-0.006717035120083431,-0.0012594674514898629
19811030,0.01938329907737601,0.020329816099009947,0.025590937077892183
19811130,-0.0007428337257768495,-0.0013046800276635105,0.0016062185186354468
19811231,-0.009722829655553754,-0.010594050060539565,-0.007857920266012805
19820129,-0.015648440287570002,-0.015826904075903037,-0.001993662862504309
19820226,-0.007696106925576123,-0.007984533500528733,0.0011415696669177852
19820331,-0.01001967957059573,-0.00960074691823644,0.000984030422545805
19820430,-0.006220332723374085,-0.007065398047687916,-0.003112280460662244
19820528,-0.01175782100918512,-0.01165916900260524,-0.00898129465492469
19820630,-0.011504688502841283,-0.012171241295377775,0.006621697539907117
19820730,-0.010238648719051292,-0.011103268232201854,-0.006136847244585419
19820831,0.035277979023195745,0.034971551121951765,0.016207075481104866
19820930,-0.02197113437783212,-0.02127742692574019,-0.01355108920462136
19821029,0.018768536161049718,0.018110855788948138,0.02961645376030341
19821130,0.006802313608035027,0.005023363938566735,0.021278321090430905
19821231,-0.009585575241939827,-0.00870431510859842,-0.005485402990382841
19830131,-0.006639291963401968,-0.007500252034213102,0.018085081763015133
19830228,-0.016590356355838234,-0.01641440101077569,-0.008672639028085422
19830331,-0.010645126840595362,-0.009565389007715334,-0.0024088275309610396
19830429,-0.006585517475067858,-0.006237492176773503,0.002844861843112467
19830531,0.010448484469117328,0.01013275919640629,0.02128952553713488
19830630,-0.008349280977485274,-0.007154320171592293,0.0034786077059730603
19830729,-0.027055345436057213,-0.025808632175472728,-0.030611777704007147
19830831,0.005785298671931157,0.0059176528499002845,-0.010029798047735336
19830930,0.00429127594891887,0.0029541359726028118,-0.011720451451737965
19831031,-0.004106644688644036,-0.003876491524344971,-0.019798498072410093
19831130,0.0070369016243902105,0.006220168314562914,0.006708747281857876
19831230,-0.009533667621208861,-0.010506075510041688,-0.015454911391242153
19840131,-0.017693462749016852,-0.017230376891193593,-0.007883981795482978
19840229,0.005318375391284896,0.004848188219929103,0.0006777116184792602
19840330,0.0010241431709527853,0.00010026394139192238,-0.002173164113911486
19840430,0.008105035665787139,0.008289105445721512,0.0014928342533401372
19840531,-0.004820006379322594,-0.003714270400943812,-0.009197929802230881
19840629,0.020088498528602693,0.019016944008517934,0.010413716061735707
19840731,0.004328979852579086,0.003184417689048273,-0.005125812251346071
19840831,0.03203275357818796,0.03129920599662553,0.014946479616656363
19840928,-0.0207747767509203,-0.01999660168231904,-0.020610045021075257
19841031,0.0035557280521461847,0.0034355999021722502,-0.0031557113109642082
19841130,0.012676878963318663,0.011494649648749394,0.004113411857687858
19841231,0.016955747599383692,0.0155049970498347,0.0058526047268363905
19850131,0.04028457210642154,0.037935067053400905,0.005037864976121467
19850228,0.02693571595374192,0.024352236179129825,0.03260430541922975
19850329,-0.0007759483724984928,-0.0004801298138876607,-0.0010034514788512467
19850430,0.0042934920231083125,0.002933794237299366,0.003808113852410875
19850531,0.012895069536522868,0.01026968290773755,0.019765570134698696
19850628,0.0172981301429772,0.017258032663961836,0.016289776921968337
19850731,-0.010084815129155687,-0.008976346139729198,-0.022938645917604708
19850830,0.009967130251901875,0.010609381827461104,0.009488632934719575
19850930,-0.002351663317646307,-0.0032177889601873117,-0.002614222210619762
19851031,0.019320826953737144,0.018511250300191052,0.02268308830724529
19851129,0.028112381708224346,0.02409984059814125,0.013691627903092288
19851231,0.01966394225321472,0.020732610413277303,0.002807356546635667
19860131,0.02086197004531885,0.01991934746754261,0.021358446315404636
19860228,0.02476380920236514,0.026896635936411534,0.021182148904140656
19860331,0.018670909640907778,0.018503925187711934,0.0073214921264061015
19860430,-0.0016644864682429407,-0.0019502923625371266,0.004725097072481934
19860530,0.011487706582031104,0.007933868252779724,0.013991762298663992
19860630,0.022907014062326616,0.02131598206575232,0.03561355239284116
19860731,-0.004004226484237765,0.0007772615644503443,0.001856817848224965
19860829,0.03136997285253177,0.032705235492518976,0.024582301945277597
19860930,-0.024594503029644808,-0.023304202974896365,-0.028718435635703355
19861031,0.03786334402272563,0.038978816298583234,0.02611236580402175
19861128,0.01267400939503903,0.012686011675852513,0.016949762658621553
19861231,0.0010460796117262956,0.001236658453027319,0.0010147055216546887
19870130,0.03388628583195095,0.03397956115557899,0.016284632891287523
19870227,0.0201666657925077,0.018010814630282687,0.01070004819560442
19870331,-0.03784146867626563,-0.03881386322856778,-0.03474536195166593
19870430,0.0037594879727700678,0.0030268000810241523,0.010451804769873573
19870529,-0.004334123331618476,-0.0040165901267188685,1.4921567057255591e-05
19870630,0.011020343003087345,0.009463193096727147,0.00910298195686391
19870731,-0.0022963872255331464,-0.0034397076246373308,0.013998588199435572
19870831,0.010063090137647153,0.009866206768713656,-0.005779621746640532
19870930,0.003173510721590592,0.0028563545330289536,-0.0008992649675457357
19871030,0.01678740392065492,0.015851879014448803,-0.00858267614062393
19871130,0.019869850794160645,0.01742172824481578,0.015017650177225235
19871231,0.05368950323168686,0.05226048573685121,0.04452947625342929
19880129,-0.015455573848826627,-0.01636858700988176,-0.036039743961246234
19880229,0.008450447054794415,0.008979069123247719,0.011306041480002976
19880331,0.003947450043646128,0.0027583641815614197,0.008197227225189355
19880429,0.009569033229325018,0.009884350855977763,0.0023609761705014657
19880531,0.006913721539729044,0.006666495271622943,0.005513256829372226
19880630,0.014961893627611751,0.015552909928459903,0.0182575770044056
19880729,-0.014984453161254593,-0.015274327902302329,-0.01806817456697508
19880831,0.014503171910768244,0.014080008186885972,0.014451212049829366
19880930,0.023849894741791243,0.022453186066804628,0.016042113307081773
19881031,0.006977204099373954,0.006875853034030184,0.004366594242920476
19881130,0.020425751995758395,0.01882013515457899,0.018413666323417986
19881230,0.02388067084607942,0.023027463687207313,0.01702458934343305
19890131,0.026392977156797927,0.02524387106771751,0.01448918943935694
19890228,0.01493364075277309,0.012876677106376435,0.0020398382544084426
19890331,-0.007682214787799869,-0.009130614107733222,-0.005585259660621389
19890428,0.012643372430144382,0.012760412983226437,0.007384742592991555
19890531,0.00822510268247614,0.0059588388338934544,0.0006219015694197133
19890630,-0.015896085830677267,-0.016069248474528355,-0.025263897574947635
19890731,0.01827735104394117,0.017566625963724724,0.00662603460994072
19890831,0.02484759537633683,0.025077749207546175,0.012913602706896453
19890929,0.01596339977911998,0.01281298202223686,-0.0034271589726643883
19891031,0.005945460241323924,0.004805416465796326,-0.003823748158958812
19891130,0.016731021215279432,0.016370222596451357,0.0045933920857250165
19891229,0.020692494342144055,0.019949020862582944,0.011374008714274702
19900131,0.05311808783117913,0.03985349892505091,0.028431164219503632
19900228,0.04144594578368704,0.03776632701036232,0.029085621039919407
19900330,0.02380369826898298,0.021533940189495625,0.018281091708443175
19900430,0.00904992066335786,0.005111355106467181,0.0032781873155775048
19900531,0.011477014737269146,0.010952326167068885,0.0024615360830203925
19900629,0.008169001494923556,0.007162931711743849,0.0048836970008586285
19900731,0.023539373531301762,0.01879640277838382,0.004755482981539116
19900831,0.013096556502336081,0.008946444294292158,0.0024499990660568566
19900928,0.022643324224104318,0.01979457017684161,0.01056165867283406
19901031,0.030665794664166142,0.028401657983688114,0.020629373604591668
19901130,0.028942228889070973,0.026782040563736193,0.025247842249782552
19901231,0.037968297549159966,0.03481102418673713,0.02546038794481227
19910131,0.03360110564115058,0.030048355442159575,-0.007724928502737989
19910228,0.020725147423798187,0.014587668064842175,-0.026335127717858578
19910328,0.026983030891234737,0.021321371823804953,0.003173121548640417
19910430,0.019696951020645292,0.01813759518824461,0.0010088170632488063
19910531,0.011811413029957439,0.012045066476973886,0.0064245612739876725
19910628,0.013141474347876261,0.011652808289652677,-0.0006072666322863229
19910731,0.022696207607828856,0.021402182673252657,0.014875226718026434
19910830,0.03032792539565745,0.029351871768412117,0.012732185271197818
19910930,0.007404032809213658,0.005957241477112713,0.004174567263949566
19911031,0.026423142211486672,0.0261127571144839,0.024861576792548464
19911129,-0.014346187107671344,-0.013950790300186497,-0.016828389281277438
19911231,0.038328791756894014,0.03631276718778833,0.04570519171110641
19920131,0.019911698741204013,0.016159735791556634,-0.0316886547846045
19920228,0.0013768692422521677,0.0007387313032759483,0.00025307046590010917
19920331,0.0023399010104114847,0.0023327684550193003,-0.009863541383047581
19920430,-0.0014847040579742772,-0.0006701850571094228,-0.017690580613890897
19920529,0.02187894667575039,0.020491512911735663,0.0035871265297322103
19920630,-0.028156640899106584,-0.02555175149839742,-0.025134444157423153
19920731,0.03639409929171516,0.03491864320198885,0.02838145749200176
19920831,0.017190348600923788,0.015620985852170277,0.00047777780848149326
19920930,0.024943386107253867,0.02199357606156461,0.02025153964256387
19921030,0.04392423161579113,0.042242889589264254,0.03326980672321211
19921130,0.06089508275019605,0.05782970922842808,0.047823728637770346
19921231,0.026636096407616904,0.024559805542723245,0.021833674947091992
19930129,0.04928622433901765,0.045584793073911556,0.024215687916202485
19930226,-0.0008224554112420986,0.0006266638632982826,-0.005714714912590034
19930331,0.030666713713889394,0.028047313343083365,0.0229520806849656
19930430,-0.01093102291439269,-0.011178958231755657,-0.029002841916002366
19930528,0.019416041937982156,0.018111818375008172,0.0011803228824756719
19930630,0.00047001801417248653,0.0005376437253526254,0.0014242893033507426
19930730,0.033704781789567574,0.03019825510483454,0.015102772468079345
19930831,0.060262641983625534,0.05165811280267593,0.033852955781074216
19930930,0.01722407307959568,0.017122816180109617,0.019810992680113812
19931029,0.013719869830256392,0.012254399301418414,0.003152795097593278
19931130,-0.0001762361528306534,-0.0005689623208925509,-0.017725784303961
19931231,0.019967474072801743,0.018741008076327396,0.01000699943729784
19940131,-0.0013941652626353555,-0.002252814879342935,-0.010182391919826386
19940228,0.0008476006574688385,-0.0004711312651603115,-0.010558727711056641
19940331,0.0034853273055246497,0.00274046403464276,-0.0107798353161214
19940429,0.014167443633140722,0.013783488357620048,0.004201084440576717
19940531,0.0018418109382840897,0.0011973475680733922,-0.006273954069779305
19940630,-0.0023699740572990353,-0.0014945199219424312,-0.008500016935253875
19940729,-0.0013465454034514576,-0.00048019112752727225,-0.0009064436015254657
19940831,0.026124387768673443,0.024214480353978263,0.01131768705636535
19940930,0.030854962783863578,0.029222951428504257,0.020157553874017332
19941031,0.015567635171865697,0.01563596151939093,0.01266496342688752
19941130,0.02025611601242076,0.019122461178045207,0.015359725046233223
19941230,0.004970870431320985,0.004232383456173889,0.0011535792939523404
19950131,0.019070846926387424,0.01643589353134074,-0.007962670032097496
19950228,-0.0033710624956305372,-0.0038500190078522133,0.0024072042315047156
19950331,0.010944409303842061,0.008837938235476244,0.009191997305274029
19950428,0.024324139243771133,0.020283340347255575,0.007819330498066705
19950531,-0.0012679641082827986,-0.00260435282749018,-0.006005145447591642
19950630,0.027598798196677123,0.02531374086003782,0.02925384631566619
19950731,0.0447796375963063,0.04197809906153908,0.04409432768618727
19950831,0.005621294821991485,0.0050478253949537855,0.00750728004503013
19950929,0.014508872662939676,0.012267871502750908,0.016617248118892133
19951031,0.00074966000651815,0.0022762462290322094,0.0021533860026471726
19951130,0.02021425727616162,0.01956037808035587,0.01900085126683272
19951229,0.019666111767064714,0.0179510162677344,0.014133298304812521
19960131,0.03342395239480416,0.03278249017955056,-0.002901482770865542
19960229,0.019895429551196768,0.018691255504617782,0.01566638044741347
19960329,0.020727524636885243,0.020044610152097596,0.01731964862178769
19960430,0.04648269920303981,0.0448388300774185,0.04584643570827845
19960531,0.04375851253414451,0.04217872660989437,0.040825812769742266
19960628,-0.014651672469291008,-0.012497956615162654,-0.025146058511562108
19960731,-0.016402792278458627,-0.014914425110073353,-0.027603290642583954
19960830,0.017325324616575485,0.016078843605728605,0.020931444500189238
19960930,0.015623674976264226,0.014848592274386641,0.017099326668408618
19961031,-0.005530966340855906,-0.005809410143328643,0.003253793595425256
19961129,0.023384558215174264,0.022139811715805768,0.01279457501301977
19961231,0.002684427852212196,0.0022436243154231126,0.014047487081271931
19970131,0.04244700239093272,0.03906786223373689,0.005738451178743067
19970228,-0.0030138650272012882,-0.003554273290513186,-0.02123237546483835
19970331,0.0052130770769494815,0.0057467919016043895,0.01548064552314682
19970430,0.008202990532422754,0.007880997612007432,0.013527514334123142
19970530,0.04058783493048954,0.03736499400564138,0.017263372096980194
19970630,0.014646608647123083,0.013517689378924846,0.017236350954935815
19970731,0.0034899376011298996,0.0018081014141922754,0.0067957255603185865
19970829,0.015089280706245219,0.012490320937760778,-9.756658927982575e-05
19970930,0.028835548736405717,0.02750485821157064,0.015800281654673204
19971031,0.00917297924586564,0.008035044119688315,-0.010390998729199854
19971128,-0.017608027560166408,-0.015205632050548135,-0.006357752004211665
19971231,-0.015909876310504674,-0.015056889796900555,0.0014778280954394838
19980130,0.04466708825332962,0.04032036431943814,0.011137916484960987
19980227,0.032774955256757526,0.03146401486933321,0.02682542488373552
19980331,0.017012688589747648,0.015821712172786745,0.014769731272751057
19980430,0.006702692748743624,0.005259526481480964,-0.0031034333207581146
19980529,0.004957356261128748,0.007107770906453657,0.003596863767987778
19980630,-0.0034836407980657295,-0.0035782169394281958,0.019757443954512028
19980731,0.008430748186042393,0.005832961327256464,0.004023431008037775
19980831,-0.033039085529301675,-0.03013046277168592,-0.018428451411084804
19980930,0.06141530820184029,0.05837984054304272,0.03546687233659566
19981030,0.049826818754943464,0.0478488168639391,0.02066781246886861
19981130,0.019313824230298635,0.01722948302557815,0.018082591916466065
19981231,0.009896346542546692,0.010530462256261546,0.03640958374503576
19990129,0.04063370059080587,0.03811154715385959,-0.0008898925690840813
19990226,0.001586256854637203,0.0025832288097631523,0.0033831245927890964
19990331,0.037190721208544754,0.03557942133570669,0.030706920915332062
19990430,0.050395466682832187,0.04658226608583927,0.0031547234409431478
19990528,0.0244048786722405,0.02228009416606314,-0.002590477389665067
19990630,0.03292177202697434,0.030022447424534675,0.03319889676728365
19990730,0.031117594915576845,0.029356071180044494,0.02580041378728044
19990831,0.007208678531368032,0.006890394723846617,0.015231585114260416
19990930,0.004726129023969198,0.004469226413927957,0.02047687813076284
19991029,0.029493909109591397,0.029802076105971614,0.05262486912227245
19991130,0.08089614518139596,0.07558711509983264,0.08057585033005728
19991231,0.029333476208213034,0.024716467103691322,0.08236807335988229
20000131,0.015677479704163493,0.01612339873367368,0.01723795052476978
20000229,0.04446233572610647,0.03843421724066243,0.15629741680719655
20000331,-0.027162507213305598,-0.023140338721299326,-0.05680408819036926
20000428,0.006926205141001128,0.008138680950564582,-0.047491738216327996
20000531,0.006430885087251436,0.00789897975358243,-0.019747558012973777
20000630,-1.6508925784907365e-05,-0.003049876359339799,0.07191704327588257
20000731,-0.00857019940995466,-0.00840279469219284,-0.04135473609943454
20000831,0.02203190825725125,0.02153718106548699,0.05644790707451144
20000929,-0.0016397785989884267,-0.0012020932073226393,-0.005698826844310001
20001031,-0.003790713591441117,-0.003698477697348104,-0.017684710071390445
20001130,-0.004424143190123793,-0.001994340815584726,-0.03414807929054948
20001229,0.02561620738558413,0.02447427906357187,0.043579910908390466
20010131,0.039817203230676,0.03960938538670983,-0.07256355574042404
20010228,-0.014512275247838121,-0.01413646298832802,-0.028303386279685
20010330,-0.00530823915068671,-0.005703547660694035,0.0073749673787981305
20010430,0.06451939849862193,0.06194413452667868,0.03784958782484023
20010531,0.004250616353319527,0.001607369972113192,-0.006508382393836873
20010629,0.019907089506116405,0.017807386533706598,0.015242316318598972
20010731,0.015305675631298818,0.013614568512973263,0.017413967358950812
20010831,-0.014513579133124626,-0.014940977561034307,-0.007202997900306415
20010928,0.02005893698322774,0.018250416116068823,0.02601645852622465
20011031,0.055964134373348684,0.05189963585209065,0.024271159768061608
20011130,0.03871117122345442,0.0367349318130456,0.01657331642910375
20011231,0.01676654827539606,0.014130827246846219,0.003560888059490618
20020131,-0.008762630557140763,-0.009736112534013047,-0.006736506626135755
20020228,-0.013957075920668537,-0.012538258738551588,-0.008231259985619908
20020328,0.004085427858481734,0.004115737611178062,-0.006878611907147613
20020430,-0.02997883669604058,-0.029140184059893215,-0.0331975497462296
20020531,-0.0015911487017368157,-0.0018254650124095869,0.01698893244602648
20020628,0.005526278173030104,0.004458628613251894,0.00930771500180716
20020731,0.018852179623303454,0.017923665891623107,0.00528494131024759
20020830,0.02509365600200686,0.0259469701437022,0.01478142371756317
20020930,0.00361202720626923,0.004034680296242671,0.01896463467262507
20021031,0.022631655576716873,0.022767539505414103,0.0020757900897876336
20021129,0.01668868457155554,0.013931465400942197,-0.01505715711011284
20021231,0.013420147457772341,0.012723703507023572,0.016133116604889274
20030131,0.002236778488555894,0.0008579521734304903,-0.0006599378611311668
20030228,-0.001962932050128328,-0.0020476483601542935,0.007506587195395465
20030331,0.01106119783023443,0.010616057876423404,0.010854073219608741
20030430,-0.016463916727568622,-0.016914010960156527,-0.03655621164459683
20030530,6.835683450239908e-05,-0.0003220705822343643,-0.041727563991365194
20030630,-0.011793828375189464,-0.013210929718038965,-0.011482756199819448
20030731,0.0194852472269145,0.01726159992363011,0.01634396699708961
20030829,0.026001260781839036,0.025698280531874132,0.02662525093226295
20030930,-0.023087410126270788,-0.023982281900392383,-0.018274291503884363
20031031,0.017024573464024917,0.014948761804659007,0.031754080357670564
20031128,0.016168927672901248,0.014912473370682511,0.016974876387191078
20031231,0.01148138735641064,0.01134786786160176,-0.001008681941588692
20040130,-0.014344958322359562,-0.014350225646733761,0.0014856101005304944
20040227,0.005475790585437355,0.0071068563913946675,0.0004985807271382204
20040331,0.01105920673955261,0.010910825222239268,0.005879657532240236
20040430,0.018354155819236818,0.018355298861780254,-0.007615023443264063
20040528,-0.012263980548069589,-0.012556178264195058,-0.00672418830911596
20040630,-0.009292302545496072,-0.009796746000414875,-0.014918950293311344
20040730,0.03277665527166622,0.033690780728283944,0.013824544164479698
20040831,0.010915889577214892,0.009835001737549474,0.0009015382825923835
20040930,0.006028615017572175,0.005720356991921896,0.011220749992980627
20041029,0.004573485623186189,0.006151089831748344,-0.0015623299206348165
20041130,0.005853582579743334,0.004251290279797078,0.0017706595324337236
20041231,0.006370496862197637,0.005147255922877371,0.0019743632141617966
20050131,0.016444861975527622,0.016322922933988605,0.021007894152629256
20050228,0.023555561643927084,0.022004824859353775,0.028639767338208513
20050331,0.004645699654889793,0.00492476959339278,-0.0006833094527167014
20050429,0.01838711963299791,0.018139803195246836,0.012951674364951819
20050531,0.014079261448270226,0.013778201539504287,0.011827136579089702
20050630,0.007616973038448013,0.006706068844853034,0.00468423052792765
20050729,0.005643043603924007,0.005039631821895381,0.010222082555635479
20050831,-9.51054476901959e-05,0.0007707572796387451,0.010058194033626506
20050930,0.017675564572679017,0.01706633457304919,0.018110807142344563
20051031,0.0008155079104842775,0.0002743423488128034,-0.004565894352813891
20051130,0.024031986978978362,0.021719952970703747,0.017029574525193245
20051230,0.0020149576965333045,0.0015969526296027183,0.004875768173739
20060131,0.02478402231514729,0.023134184000090877,0.0357404058021279
20060228,-0.02063421006517023,-0.020518358502600934,-0.0185655113344818
20060331,0.0049400192134169746,0.004578003589064857,0.011401135905621841
20060428,0.006075521518402767,0.005651508745261873,0.004028443164573943
20060531,-0.003460132890339163,-0.0035966471445060344,-0.025977199536910092
20060630,0.002273544390337827,0.0017105824077403658,0.0006041359874920149
20060731,-0.010520567177231774,-0.01020207076662431,-0.021525881473767623
20060831,-0.008999082239226271,-0.00882855838471176,-0.01950908795733022
20060929,0.007028065441967783,0.0069701425918777035,-0.0039873287779432585
20061031,0.0005762554582128862,-0.00020521929503919872,0.0014653543943143334
20061130,0.011260559240956678,0.010402937439358004,-0.001316448864432004
20061229,0.0039056964041251064,0.004295521459744133,0.005995641719400804
20070131,0.011611858045860636,0.011633028457198782,0.01608310414476098
20070228,0.015591310999542878,0.014968033994384435,0.008464510796161168
20070330,0.009925138544202848,0.009922167837870411,0.014047283769930101
20070430,0.008927998409208002,0.009615739060977579,0.0142281465114475
20070531,0.02206116139522015,0.020027683606366597,0.005468328883209169
20070629,0.01818453007545918,0.01822239952590058,0.013714902251752831
20070731,0.021527323667549194,0.02051526072736241,0.018361362727421598
20070831,0.017148961762161366,0.015625366373956392,0.0015274881804226072
20070928,0.03051241733224909,0.030325787994156646,0.03136817235747986
20071031,0.023502946537399386,0.023317027590761655,0.030574615192515957
20071130,-0.006637338044427313,-0.005273093043081863,-0.007119193299262964
20071231,0.009481641708840284,0.008334755118345614,0.0093397780989648
20080131,0.0018702709661522837,0.0018755017818122097,-0.020069562564952577
20080229,0.009534718588981915,0.01060847063996913,0.02069737787719353
20080331,0.0058636926895348175,0.0041997432302499325,-0.004597299915919936
20080430,0.028479776298340677,0.02774676354081671,0.017811600358525925
20080530,0.01720292280949264,0.017553201722313828,0.01857999755598248
20080630,0.036119697557231385,0.0355725990798256,0.051528653958570494
20080731,-0.01318406703768438,-0.015673017039505157,-0.04062789339060528
20080829,0.0028184867391500583,0.0023318769005275684,-0.02194689219305392
20080930,-0.0035451973254079106,-0.004280023270724379,-0.015320115839186818
20081031,0.02403666564914227,0.026162322355755288,0.01782335915654593
20081128,0.028091857418526878,0.027320717318013908,0.02348573825116186
20081231,0.034518506998746215,0.03358359657489519,0.003003593807389203
20090130,0.014588922834157298,0.015718996986148447,0.013564175881596578
20090227,0.009731115377968724,0.010326844360060265,0.02127217828213974
20090331,0.01780376936682159,0.019042801137821856,-0.036361445982344975
20090430,-0.02002555933860836,-0.021971129471238183,-0.09325989583571857
20090529,0.02526164887176095,0.0273008476616525,0.007282218526987385
20090630,-0.015899531823746697,-0.01776560895177943,-0.004895615172499703
20090731,-0.004527934493045061,-0.006249788500159447,-0.022071242204947925
20090831,-0.02208345876084008,-0.019336761418431186,-0.027130831656138252
20090930,-0.020017741086459418,-0.01917938077203154,-0.01576172034165559
20091030,0.027142111593195448,0.025896836079389023,0.007106202658662894
20091130,0.005155427733476435,0.005176447304289636,0.010275407119440885
20091231,-0.0025374849659902435,-0.003557864945395176,-0.001581432555293326
20100129,0.00987056721859104,0.0094689388645214,0.0025859590268456707
20100226,-0.0017705716055686975,-0.0023269913816587186,0.005419437487865438
20100331,0.028796160291601987,0.02696007980442415,0.011071403887511167
20100430,-0.006751078179083677,-0.006088797858887302,0.0018265593484989167
20100528,0.011870169209813654,0.011609151621492666,0.007509943951921161
20100630,0.007911254015358018,0.006769551254643469,-0.003987779758989239
20100730,-0.0026896159562084646,-0.0036964234998977346,0.0006410429823068589
20100831,0.019075222881209955,0.019599890951942596,0.020942769525636475
20100930,-0.0025917087163450404,-0.0028479795069834713,0.00316863500128465
20101029,0.002104562326392164,0.0024761842611651062,0.001014202993442339
20101130,0.004226606865249842,0.0030103901529133317,0.0006583688661775769
20101231,-0.02116437045724536,-0.020845691649387807,-0.01920485017071659
20110131,0.020742785187248407,0.019295771101929534,0.01460766322570733
20110228,0.0057837756698701885,0.004634009537349664,-0.0023587163189111205
20110331,0.015334134988940868,0.014147853675086796,0.012594479874888886
20110429,0.007983972112147165,0.008009509564557336,0.014495294073817264
20110531,-0.002390248080987123,-0.00399082571922777,-0.006412929825111639
20110630,0.015966919514866538,0.015088257753618516,0.00709402882924776
20110729,0.026612216375676317,0.025186013096372355,0.017388026444621264
20110831,0.0148991166307096,0.015436093513613528,0.006511013371495279
20110930,0.021345709341502015,0.020713544233857,0.0010063872198947535
20111031,-0.015633112491506222,-0.014399054960187731,-0.018306617319267034
20111130,0.021160896594911938,0.02056372924287215,0.01945877602930017
20111230,-0.0031293572650389332,-0.003971097295113098,-0.002676255791559062
20120131,0.027187900149137717,0.022522269060273544,-0.00023396231438995726
20120229,0.009985903103520564,0.009769067921398785,0.003739509567652893
20120330,-0.0035717924265118526,-0.003957505643769134,0.006254486841758781
20120430,0.01796047064029768,0.01647861578459966,0.013915796495460922
20120531,0.00829268547986814,0.007195321304120127,0.017178148655610796
20120629,0.0024889519345981676,0.0019239416966146932,-0.00037033598961907555
20120731,0.0010251486469264948,0.0007405725823236571,0.006194488095531646
20120831,-0.006190460499066739,-0.005822899256105223,-0.012646320153645526
20120928,0.014417038092309181,0.010288959813646515,0.0023519464069755996
20121031,0.019333736035612233,0.018961284772754303,0.014307887441627668
20121130,-0.007735936279992952,-0.010289422829741036,-0.01524506616508771
20121231,-0.0022692509238682974,-0.003048674788118908,-0.00857248229335659
20130131,0.006082379965846863,0.006330848417253086,0.010393231132928699
20130228,0.019187154629750434,0.01782250366666736,0.012151605811790296
20130328,0.011712534660364753,0.010164465355970573,0.01762259114333908
20130430,-0.002944544294857943,-0.003251017517044598,0.004183284879283755
20130531,0.01649695749469769,0.014131818297464141,0.009442633198626168
20130628,0.01193036918951105,0.012080910427279403,0.019063361193111493
20130731,0.009283670061364983,0.008387295015918061,0.008333760587298034
20130830,0.010379504352120157,0.009852289079431885,0.0033616911925317345
20130930,0.004155401305081071,0.0028794700142922907,0.0157572530268621
20131031,0.016277001864969307,0.015717985459291546,0.012346211797274895
20131129,-0.005777829088277181,-0.005878124472239049,0.013336997916610872
20131231,0.0013414065299145836,0.0007156643760369829,0.00754776454955033
20140131,0.009693958206354724,0.00891284889214737,0.013316122808113657
20140228,-0.0033373488917659484,-0.003807333201627977,0.00021841147586488846
20140331,0.003962182769158768,0.003981046707564745,-0.004490458803071457
20140430,0.006313292241907853,0.007420942617546064,-0.01844032292416976
20140530,0.008391579675416884,0.00904261071905287,0.008784171647015981
20140630,-0.010314425991805702,-0.01125812352210086,-0.005697156819084468
20140731,0.015587655473506878,0.015491119623970675,0.006353528321743782
20140829,0.008278327751135075,0.008803438472551718,0.015090472055136727
20140930,0.017727974015989568,0.016460322766092075,0.022270175346306636
20141031,0.024086954219383706,0.0227812923955832,0.007377630283157014
20141128,0.03320668591568826,0.03197392149001002,0.026473198960877718
20141231,0.0006625379488718353,-0.0005506270718020956,0.0019688064860539345
20150130,0.01250446434281188,0.012423968506398042,0.02767817838375387
20150227,0.0045085263373556275,0.0038090490406166603,-0.004521338931612733
20150331,0.02792037072088828,0.025577838578369094,0.026226941409275242
20150430,-0.010348624236749222,-0.009948385636205086,-0.031375766508587095
20150529,0.004283327477635241,0.0037365494834872043,0.0241476959051674
20150630,0.00967192336429468,0.008210179459992284,0.015496990335158374
20150731,0.025815351012286505,0.02622914953672207,0.052547947442942104
20150831,0.007722611504121192,0.007656443776378724,-0.012900272947790394
20150930,0.018859062496719432,0.01907022366997824,0.024477638468976194
20151030,-0.003965985585069979,-0.005211356834085274,-0.0058981126516599505
20151130,0.014840338837656359,0.013645750163746927,0.028701889351945592
20151231,0.010843950999809065,0.010481910938080615,0.019150303778038724
20160129,0.02136732390690733,0.022242486727700357,0.017281631550146115
20160229,0.016905417359753476,0.01454512619692911,0.003952934715904559
20160331,-0.015949898946186196,-0.015322548302836844,-0.02922261879322953
20160429,-0.028374784277450882,-0.028375811685504765,-0.03779140963942203
20160531,0.02586996844410134,0.025005405945240106,0.03149614844970194
20160630,0.004615977867970681,0.0025364913177523996,0.024474702334818084
20160729,0.0024196512366798416,0.002709732286504445,0.004034466547087402
20160831,-0.0036735528124233036,-0.00453619476909,-0.009196840413795737
20160930,-0.011692635082246062,-0.012895709022075874,-0.012276961130170003
20161031,0.004483001494871765,0.004348745908116202,-0.0001639756483799005
20161130,0.009416487733125393,0.007472414187725477,0.005039617500222153
20161230,0.0076214834995326376,0.007172664508919456,0.006426266319116786
